CardNumber,Amount
4.02401E+15,2050
4.53218E+15,500
4.91636E+15,705
4.53202E+15,125
4.48501E+15,200
4.91633E+15,150
4.55666E+15,800
4.02401E+15,600
4.53225E+15,900
4.91649E+15,110
4.53997E+15,1500
4.48557E+15,1000
